Regressor;Reward;Rejected
bare;1.0;0.019230769230769273
GP [1e-3, 1];0.9978852022349367;0.019230769230769273
GP [1e-1,1];1.0;0.019230769230769273
GP [1,2];1.0;0.019230769230769273
SVR RBF C100;0.9900437988297821;0.05769230769230771
SVR RBF C1;0.9900437988297821;0.05769230769230771
