Regressor;Reward;Rejected
bare;0.9930041538152431;0.04459561602418749
GP [1e-3, 1];0.9990357756238155;0.0007558578987150177
GP [1e-1,1];0.9990357756238155;0.0007558578987150177
GP [1,2];0.9994413568962288;0.0007558578987150177
SVR RBF C100;0.9896302983270796;0.07936507936507942
SVR RBF C1;0.8778989772386363;0.6031746031746033
