Regressor;Reward;Rejected
bare;0.9895833333333334;0.5054249547920434
GP [1e-3, 1];0.24835526315789475;0.00045207956600357146
GP [1e-1,1];0.24835526315789475;0.00045207956600357146
GP [1,2];0.24835526315789475;0.00045207956600357146
SVR RBF C100;0.9270833333333334;0.6478300180831826
SVR RBF C1;0.9605263157894737;0.6053345388788427
