Regressor;Reward;Rejected
bare;1.0;0.9900990099009901
GP [1e-3, 1];0.9959927583418606;0.9801980198019802
GP [1e-1,1];0.8242538301358884;0.00990099009900991
GP [1,2];1.0;0.9900990099009901
SVR RBF C100;0.8021996894387715;0.24752475247524752
SVR RBF C1;0.6959576949773519;0.5148514851485149
