Regressor;Reward;Rejected
bare;0.007022150608221685;0.9555555555555556
GP [1e-3, 1];0.9951760013527089;0.022222222222222254
GP [1e-1,1];0.9951760013527089;0.022222222222222254
GP [1,2];0.9986174519340754;0.022222222222222254
SVR RBF C100;0.9986174519340754;0.022222222222222254
SVR RBF C1;0.9913068560459125;0.06666666666666665
