Regressor;Reward;Rejected
bare;0.9977288474863346;0.04347826086956519
GP [1e-3, 1];0.9966510123951036;0.06521739130434778
GP [1e-1,1];0.9966510123951036;0.06521739130434778
GP [1,2];1.0;0.021739130434782594
SVR RBF C100;0.9707829702055586;0.26086956521739135
SVR RBF C1;0.863923319732081;0.5434782608695652
