Regressor;Reward;Rejected
bare;0.9896198287732743;0.43237082066869303
GP [1e-3, 1];0.9915272705502005;0.4285714285714286
GP [1e-1,1];0.8777884212416931;0.0007598784194529085
GP [1,2];0.8781548224869784;0.0007598784194529085
SVR RBF C100;0.9969478536789799;0.41033434650455924
SVR RBF C1;0.9708303897503443;0.6436170212765957
