Regressor;Reward;Rejected
bare;0.9924404557447944;0.05769230769230771
GP [1e-3, 1];0.9994683200284444;0.019230769230769273
GP [1e-1,1];0.9924404557447944;0.05769230769230771
GP [1,2];0.9899016479630471;0.07692307692307687
SVR RBF C100;0.9634874541530225;0.4423076923076923
SVR RBF C1;0.9038612206385204;0.6730769230769231
