Regressor;Reward;Rejected
bare;0.998993703458785;0.019230769230769273
GP [1e-3, 1];1.0;0.019230769230769273
GP [1e-1,1];0.998993703458785;0.019230769230769273
GP [1,2];0.9979299042580719;0.07692307692307687
SVR RBF C100;0.9537462982662949;0.4423076923076923
SVR RBF C1;0.8877763721572123;0.6730769230769231
