Regressor;Reward;Rejected
bare;0.995991324382031;0.0478723404255319
GP [1e-3, 1];0.995991324382031;0.0478723404255319
GP [1e-1,1];0.9944131720861148;0.0007598784194529085
GP [1,2];0.9947254268184619;0.0007598784194529085
SVR RBF C100;0.9618289687998447;0.3806990881458967
SVR RBF C1;0.8879089904044964;0.6200607902735562
