Regressor;Reward;Rejected
bare;1.0;0.8269230769230769
GP [1e-3, 1];1.0;0.8269230769230769
GP [1e-1,1];1.0;0.8269230769230769
GP [1,2];1.0;0.8269230769230769
SVR RBF C100;1.0;0.8269230769230769
SVR RBF C1;1.0;0.8269230769230769
