Regressor;Reward;Rejected
bare;0.9995001756989935;0.9615384615384616
GP [1e-3, 1];0.0031401605941248356;0.019230769230769273
GP [1e-1,1];0.0;0.019230769230769273
GP [1,2];0.005341118284758244;0.07692307692307687
SVR RBF C100;0.04718081786570303;0.5192307692307692
SVR RBF C1;0.06758851820189125;0.6923076923076923
