Regressor;Reward;Rejected
bare;0.9570281570795538;0.26027397260273977
GP [1e-3, 1];0.9736001333537068;0.273972602739726
GP [1e-1,1];0.9736001333537068;0.273972602739726
GP [1,2];0.9736001333537068;0.273972602739726
SVR RBF C100;0.9694536665323868;0.2465753424657534
SVR RBF C1;0.9694536665323868;0.2465753424657534
