Regressor;Reward;Rejected
bare;0.999549078981785;0.9615384615384616
GP [1e-3, 1];0.0020645014969187065;0.019230769230769273
GP [1e-1,1];0.0038211143365603872;0.05769230769230771
GP [1,2];0.005690591155850178;0.07692307692307687
SVR RBF C100;0.0397659917828604;0.4423076923076923
SVR RBF C1;0.07340009959845029;0.6730769230769231
