Regressor;Reward;Rejected
bare;0.9961143460502134;0.06493506493506496
GP [1e-3, 1];0.9960463767848756;0.07792207792207795
GP [1e-1,1];0.9930488462413798;0.09090909090909094
GP [1,2];0.9940784322957377;0.012987012987012991
SVR RBF C100;1.0;0.025974025974025983
SVR RBF C1;1.0;0.025974025974025983
