Regressor;Reward;Rejected
bare;0.9806996381182147;0.2784810126582279
GP [1e-3, 1];0.9806996381182147;0.2784810126582279
GP [1e-1,1];0.9891435464414958;0.2911392405063291
GP [1,2];0.9686369119420989;0.26582278481012656
SVR RBF C100;0.9806996381182147;0.2784810126582279
SVR RBF C1;0.9806996381182147;0.2784810126582279
