Regressor;Reward;Rejected
bare;0.9814047011737816;0.37037037037037035
GP [1e-3, 1];0.9882975113497494;0.3827160493827161
GP [1e-1,1];0.9814047011737816;0.37037037037037035
GP [1,2];0.9882975113497494;0.3827160493827161
SVR RBF C100;0.9759276758231547;0.40740740740740744
SVR RBF C1;0.9882975113497494;0.3827160493827161
