Regressor;Reward;Rejected
bare;1.0;0.9900990099009901
GP [1e-3, 1];0.9974329241017371;0.9801980198019802
GP [1e-1,1];0.004156896487864084;0.00990099009900991
GP [1,2];1.0;0.9900990099009901
SVR RBF C100;0.004837841149001518;0.24752475247524752
SVR RBF C1;0.0007806645905927067;0.5148514851485149
