Regressor;Reward;Rejected
bare;0.992165003259308;0.43237082066869303
GP [1e-3, 1];0.9917916068072072;0.43313069908814594
GP [1e-1,1];0.8791081520672873;0.0007598784194529085
GP [1,2];0.8794815485193881;0.0007598784194529085
SVR RBF C100;0.9971710472188293;0.41033434650455924
SVR RBF C1;0.9715902258732098;0.6451367781155015
