Regressor;Reward;Rejected
bare;0.9927697441601779;0.7
GP [1e-3, 1];0.9927697441601779;0.7
GP [1e-1,1];0.9972191323692993;0.7285714285714286
GP [1,2];0.9897107897664071;0.8
SVR RBF C100;0.9902669632925473;0.8285714285714285
SVR RBF C1;0.9902669632925473;0.8285714285714285
