Regressor;Reward;Rejected
bare;1.0;0.4736842105263158
GP [1e-3, 1];0.4426829268292683;0.00877192982456143
GP [1e-1,1];0.9707317073170731;0.5526315789473684
GP [1,2];0.9658536585365853;0.3771929824561403
SVR RBF C100;0.9243902439024391;0.7017543859649122
SVR RBF C1;0.9768292682926829;0.5263157894736843
