Regressor;Reward;Rejected
bare;0.9955031687141805;0.975
GP [1e-3, 1];0.9211141747628878;0.012499999999999956
GP [1e-1,1];0.8851683965873165;0.09999999999999998
GP [1,2];0.8851683965873165;0.09999999999999998
SVR RBF C100;0.9087569112615669;0.050000000000000044
SVR RBF C1;0.9087569112615669;0.050000000000000044
