Regressor;Reward;Rejected
bare;1.0;0.9995374653098983
GP [1e-3, 1];1.1091114096469322e-05;0.00046253469010171244
GP [1e-1,1];1.1091114096469322e-05;0.00046253469010171244
GP [1,2];1.1091114096469322e-05;0.00046253469010171244
SVR RBF C100;0.0005351462551546448;0.041165587419056404
SVR RBF C1;0.0005351462551546448;0.041165587419056404
