Regressor;Reward;Rejected
bare;0.9129978656441052;0.8854748603351955
GP [1e-3, 1];0.9271786709112615;0.9832402234636871
GP [1e-1,1];0.9204138479904497;0.9804469273743017
GP [1,2];0.9146619397315776;0.9134078212290503
SVR RBF C100;0.9002640813225772;0.9385474860335196
SVR RBF C1;0.908005643381688;0.9162011173184358
