Regressor;Reward;Rejected
bare;0.9952888056597466;0.0027932960893854997
GP [1e-3, 1];0.9952888056597466;0.0027932960893854997
GP [1e-1,1];0.9952888056597466;0.0027932960893854997
GP [1,2];0.9952888056597466;0.0027932960893854997
SVR RBF C100;0.9952888056597466;0.0027932960893854997
SVR RBF C1;0.9952888056597466;0.0027932960893854997
