Regressor;Reward;Rejected
bare;0.9984836997725549;0.9995452478399273
GP [1e-3, 1];0.9984836997725549;0.9995452478399273
GP [1e-1,1];0.0420773313115997;0.019099590723055893
GP [1,2];1.0;0.998180991359709
SVR RBF C100;0.9927975739196361;0.9845384265575261
SVR RBF C1;0.9927975739196361;0.9845384265575261
