Regressor;Reward;Rejected
bare;0.9877225643494164;0.7692307692307692
GP [1e-3, 1];0.9933997928070862;0.7884615384615384
GP [1e-1,1];0.9877225643494164;0.7692307692307692
GP [1,2];0.9980485777703799;0.8269230769230769
SVR RBF C100;0.986474871154297;0.8461538461538461
SVR RBF C1;0.9877225643494164;0.7692307692307692
