Regressor;Reward;Rejected
bare;0.9769429753401819;0.34615384615384615
GP [1e-3, 1];0.968209745422649;0.3589743589743589
GP [1e-1,1];0.968209745422649;0.3589743589743589
GP [1,2];0.968209745422649;0.3589743589743589
SVR RBF C100;0.968209745422649;0.3589743589743589
SVR RBF C1;0.9769429753401819;0.34615384615384615
