Regressor;Reward;Rejected
bare;0.9982337356491021;0.019230769230769273
GP [1e-3, 1];0.9988224904327347;0.038461538461538436
GP [1e-1,1];0.9982337356491021;0.019230769230769273
GP [1,2];1.0;0.07692307692307687
SVR RBF C100;0.9584927877539005;0.5192307692307692
SVR RBF C1;0.9140418015896379;0.6923076923076923
