Regressor;Reward;Rejected
bare;0.9636253994977235;0.9543010752688172
GP [1e-3, 1];0.7070932287580209;0.0026881720430107503
GP [1e-1,1];0.9800880680993534;0.978494623655914
GP [1,2];0.96967159503605;0.9408602150537635
SVR RBF C100;0.9583708815717723;0.9489247311827957
SVR RBF C1;0.9791543309500758;0.9381720430107527
