Regressor;Reward;Rejected
bare;1.0;0.25
GP [1e-3, 1];0.0409964045597839;0.25
GP [1e-1,1];0.0409964045597839;0.25
GP [1,2];0.0409964045597839;0.25
SVR RBF C100;0.0409964045597839;0.25
SVR RBF C1;1.0;0.25
