Regressor;Reward;Rejected
bare;0.9815760904895441;0.7659574468085106
GP [1e-3, 1];0.9809950663215652;0.7674772036474165
GP [1e-1,1];0.00029051208398945134;0.0007598784194529085
GP [1,2];0.9919640444864031;0.8009118541033434
SVR RBF C100;0.9945980658970134;0.7743161094224924
SVR RBF C1;0.9617371837202829;0.6816109422492401
