Regressor;Reward;Rejected
bare;0.9235294117647059;0.30612244897959184
GP [1e-3, 1];0.9117647058823529;0.326530612244898
GP [1e-1,1];0.8171025109665053;0.020408163265306145
GP [1,2];0.9235294117647059;0.30612244897959184
SVR RBF C100;0.9294117647058824;0.2857142857142857
SVR RBF C1;0.8117647058823529;0.4897959183673469
