Regressor;Reward;Rejected
bare;0.9970525405935264;0.8055555555555556
GP [1e-3, 1];0.9960465150309215;0.8194444444444444
GP [1e-1,1];1.0;0.8333333333333334
GP [1,2];1.0;0.8333333333333334
SVR RBF C100;0.9977867437622691;0.875
SVR RBF C1;0.9977867437622691;0.875
