Regressor;Reward;Rejected
bare;0.98992917988533;0.07331821617535905
GP [1e-3, 1];0.9981054111958052;0.0007558578987150177
GP [1e-1,1];0.9981054111958052;0.0007558578987150177
GP [1,2];0.9985368589475602;0.0007558578987150177
SVR RBF C100;0.9891130232283465;0.08238851095993949
SVR RBF C1;0.8829149747409556;0.6031746031746033
