Regressor;Reward;Rejected
bare;0.9961741673062761;0.42307692307692313
GP [1e-3, 1];0.9961741673062761;0.42307692307692313
GP [1e-1,1];0.9913019627770767;0.4423076923076923
GP [1,2];0.9913019627770767;0.4423076923076923
SVR RBF C100;0.9877700667097397;0.4807692307692307
SVR RBF C1;0.9464252192226058;0.6923076923076923
