Regressor;Reward;Rejected
bare;0.9706048123938055;0.23287671232876717
GP [1e-3, 1];0.9593877597429515;0.2465753424657534
GP [1e-1,1];0.9593877597429515;0.2465753424657534
GP [1,2];0.9593877597429515;0.2465753424657534
SVR RBF C100;0.9607991916652308;0.2191780821917808
SVR RBF C1;0.9607991916652308;0.2191780821917808
