Regressor;Reward;Rejected
bare;0.9957595794031086;0.019230769230769273
GP [1e-3, 1];1.0;0.019230769230769273
GP [1e-1,1];0.9957595794031086;0.019230769230769273
GP [1,2];1.0;0.019230769230769273
SVR RBF C100;0.9874147113696126;0.09615384615384615
SVR RBF C1;0.9874147113696126;0.09615384615384615
