Regressor;Reward;Rejected
bare;0.9929339328501754;0.0641025641025641
GP [1e-3, 1];0.9929339328501754;0.0641025641025641
GP [1e-1,1];0.9929339328501754;0.0641025641025641
GP [1,2];0.9982500800425087;0.012820512820512775
SVR RBF C100;0.9955693674306577;0.038461538461538436
SVR RBF C1;0.9941128328531276;0.05128205128205132
