Regressor;Reward;Rejected
bare;0.9230769230769231;0.47435897435897434
GP [1e-3, 1];0.9143920595533499;0.4871794871794872
GP [1e-1,1];0.9143920595533499;0.4871794871794872
GP [1,2];0.9255583126550868;0.46153846153846156
SVR RBF C100;0.9392059553349876;0.4487179487179487
SVR RBF C1;0.9392059553349876;0.4487179487179487
