Regressor;Reward;Rejected
bare;0.9956998008328807;0.09999999999999998
GP [1e-3, 1];0.9961524533767879;0.11250000000000004
GP [1e-1,1];0.9961524533767879;0.11250000000000004
GP [1,2];0.9928933550606555;0.13749999999999996
SVR RBF C100;0.9977820025348543;0.08750000000000002
SVR RBF C1;0.9977820025348543;0.08750000000000002
