Regressor;Reward;Rejected
bare;0.9989244452323967;0.4423076923076923
GP [1e-3, 1];1.0;0.46153846153846156
GP [1e-1,1];1.0;0.46153846153846156
GP [1,2];0.9989244452323967;0.4423076923076923
SVR RBF C100;0.9974982517310325;0.4807692307692307
SVR RBF C1;0.9591515724571305;0.6923076923076923
