Regressor;Reward;Rejected
bare;1.0;0.33333333333333337
GP [1e-3, 1];0.9998591549295774;0.6666666666666667
GP [1e-1,1];1.0;0.33333333333333337
GP [1,2];1.0;0.33333333333333337
SVR RBF C100;1.0;0.33333333333333337
SVR RBF C1;0.0;0.33333333333333337
