Regressor;Reward;Rejected
bare;0.9985243375794796;0.9604863221884499
GP [1e-3, 1];0.9980469173846054;0.9620060790273556
GP [1e-1,1];2.1700917948829235e-05;0.0007598784194529085
GP [1,2];0.9722228250254986;0.8837386018237082
SVR RBF C100;0.9971354788307546;0.932370820668693
SVR RBF C1;0.9971354788307546;0.932370820668693
