Regressor;Reward;Rejected
bare;1.0;0.9973118279569892
GP [1e-3, 1];0.4931671927676162;0.9811827956989247
GP [1e-1,1];0.4911717495987159;0.978494623655914
GP [1,2];0.5038859914034942;0.989247311827957
SVR RBF C100;0.4624500529353506;0.9489247311827957
SVR RBF C1;0.45248259475915636;0.9381720430107527
