Regressor;Reward;Rejected
bare;0.8597560975609756;0.4651162790697675
GP [1e-3, 1];0.8597560975609756;0.4651162790697675
GP [1e-1,1];0.8353658536585366;0.4883720930232558
GP [1,2];0.8780487804878049;0.4418604651162791
SVR RBF C100;0.8780487804878049;0.4418604651162791
SVR RBF C1;0.8780487804878049;0.4418604651162791
