Regressor;Reward;Rejected
bare;0.9423532207786582;0.9381720430107527
GP [1e-3, 1];0.564818352457736;0.0026881720430107503
GP [1e-1,1];0.9366993414768734;0.978494623655914
GP [1,2];0.9023140598878778;0.9489247311827957
SVR RBF C100;0.9023140598878778;0.9489247311827957
SVR RBF C1;0.9423532207786582;0.9381720430107527
