Regressor;Reward;Rejected
bare;0.9288389513108615;0.22857142857142854
GP [1e-3, 1];0.9363295880149812;0.24285714285714288
GP [1e-1,1];0.9363295880149812;0.24285714285714288
GP [1,2];0.9363295880149812;0.24285714285714288
SVR RBF C100;0.9138576779026217;0.18571428571428572
SVR RBF C1;0.9138576779026217;0.18571428571428572
