Regressor;Reward;Rejected
bare;0.9994667467835675;0.9792043399638336
GP [1e-3, 1];0.0;0.00045207956600357146
GP [1e-1,1];0.0;0.00045207956600357146
GP [1,2];0.0;0.00045207956600357146
SVR RBF C100;0.9953534580444416;0.9525316455696202
SVR RBF C1;0.9953534580444416;0.9525316455696202
