Regressor;Reward;Rejected
bare;1.0;0.025316455696202556
GP [1e-3, 1];1.0;0.012658227848101222
GP [1e-1,1];0.998868778280543;0.03797468354430378
GP [1,2];1.0;0.012658227848101222
SVR RBF C100;0.998868778280543;0.03797468354430378
SVR RBF C1;0.998868778280543;0.03797468354430378
