Regressor;Reward;Rejected
bare;0.9972910853027982;0.42307692307692313
GP [1e-3, 1];0.9972910853027982;0.42307692307692313
GP [1e-1,1];0.9819405686853216;0.46153846153846156
GP [1,2];0.976522739290918;0.47435897435897434
SVR RBF C100;0.976522739290918;0.47435897435897434
SVR RBF C1;0.976522739290918;0.47435897435897434
