Regressor;Reward;Rejected
bare;0.989538151338673;0.4473684210526315
GP [1e-3, 1];0.7725281559532919;0.00877192982456143
GP [1e-1,1];0.9678310118450956;0.5614035087719298
GP [1,2];0.9917095719040346;0.3508771929824561
SVR RBF C100;0.9853087719264322;0.3157894736842105
SVR RBF C1;0.9773625638909932;0.5263157894736843
