Regressor;Reward;Rejected
bare;1.0;0.9995366079703429
GP [1e-3, 1];5.998011894933702e-05;0.008341056533827662
GP [1e-1,1];1.617441409869762e-05;0.005560704355885071
GP [1,2];1.0;0.9995366079703429
SVR RBF C100;0.0015370186286567935;0.04726598702502316
SVR RBF C1;0.0015370186286567935;0.04726598702502316
