Regressor;Reward;Rejected
bare;0.9137581295383985;0.994413407821229
GP [1e-3, 1];0.9993685086420894;0.9832402234636871
GP [1e-1,1];0.9993685086420894;0.9832402234636871
GP [1,2];0.9859663674814219;0.9720670391061452
SVR RBF C100;0.9935819925510404;0.9748603351955307
SVR RBF C1;0.9935819925510404;0.9748603351955307
