Regressor;Reward;Rejected
bare;0.9985215036435724;0.9468085106382979
GP [1e-3, 1];0.9985215036435724;0.9468085106382979
GP [1e-1,1];4.394869070892065e-05;0.0007598784194529085
GP [1,2];0.9777997684431625;0.8753799392097265
SVR RBF C100;0.9997363078557465;0.9103343465045592
SVR RBF C1;0.9997363078557465;0.9103343465045592
