Regressor;Reward;Rejected
bare;0.9923464178841753;0.00877192982456143
GP [1e-3, 1];0.9923464178841753;0.00877192982456143
GP [1e-1,1];0.9923464178841753;0.00877192982456143
GP [1,2];0.9923464178841753;0.00877192982456143
SVR RBF C100;0.9939048289620372;0.27192982456140347
SVR RBF C1;0.9454063251774922;0.5175438596491229
