Regressor;Reward;Rejected
bare;0.9919892991843331;0.07407407407407407
GP [1e-3, 1];0.9984360107206988;0.0007558578987150177
GP [1e-1,1];0.9984360107206988;0.0007558578987150177
GP [1,2];0.9985059386433139;0.0007558578987150177
SVR RBF C100;0.9902818353791333;0.07936507936507942
SVR RBF C1;0.8852406142136306;0.6016628873771731
