Regressor;Reward;Rejected
bare;0.9947158806418156;0.007414272474513428
GP [1e-3, 1];0.9988618807232565;0.0004633920296570615
GP [1e-1,1];0.9988618807232565;0.0004633920296570615
GP [1,2];0.9988618807232565;0.0004633920296570615
SVR RBF C100;0.9746655487637544;0.0389249304911955
SVR RBF C1;0.9746655487637544;0.0389249304911955
