Regressor;Reward;Rejected
bare;0.9987760097919217;0.26582278481012656
GP [1e-3, 1];0.9987760097919217;0.26582278481012656
GP [1e-1,1];0.9987760097919217;0.26582278481012656
GP [1,2];0.9987760097919217;0.26582278481012656
SVR RBF C100;0.9987760097919217;0.26582278481012656
SVR RBF C1;0.9987760097919217;0.26582278481012656
