Regressor;Reward;Rejected
bare;0.9687092568448501;0.381578947368421
GP [1e-3, 1];0.9608865710560626;0.39473684210526316
GP [1e-1,1];0.9504563233376793;0.4078947368421053
GP [1,2];0.9504563233376793;0.4078947368421053
SVR RBF C100;0.8904823989569752;0.5526315789473684
SVR RBF C1;0.940026075619296;0.4473684210526315
