Regressor;Reward;Rejected
bare;0.9759438706322331;0.22857142857142854
GP [1e-3, 1];0.9617886584744358;0.24285714285714288
GP [1e-1,1];0.9759438706322331;0.22857142857142854
GP [1,2];0.9900559870168698;0.19999999999999996
SVR RBF C100;0.9781050549764315;0.1428571428571429
SVR RBF C1;0.9781050549764315;0.1428571428571429
