Regressor;Reward;Rejected
bare;1.0;0.00045207956600357146
GP [1e-3, 1];0.999714364717675;0.00045207956600357146
GP [1e-1,1];0.999714364717675;0.00045207956600357146
GP [1,2];0.999714364717675;0.00045207956600357146
SVR RBF C100;0.9948089110865077;0.02848101265822789
SVR RBF C1;0.9948089110865077;0.02848101265822789
