Regressor;Reward;Rejected
bare;0.9982316534040672;0.02364711232378358
GP [1e-3, 1];0.9982316534040672;0.02364711232378358
GP [1e-1,1];0.9946949602122016;0.019099590723055893
GP [1,2];0.9920424403183024;0.00045475216007273556
SVR RBF C100;0.9902740937223696;0.03865393360618463
SVR RBF C1;0.9902740937223696;0.03865393360618463
