Regressor;Reward;Rejected
bare;0.9595959595959596;0.5972222222222222
GP [1e-3, 1];0.9595959595959596;0.5972222222222222
GP [1e-1,1];0.961038961038961;0.6111111111111112
GP [1,2];0.961038961038961;0.6111111111111112
SVR RBF C100;0.961038961038961;0.6111111111111112
SVR RBF C1;0.961038961038961;0.6111111111111112
