Regressor;Reward;Rejected
bare;0.9694955025420414;0.7894736842105263
GP [1e-3, 1];0.9808369182635901;0.7807017543859649
GP [1e-1,1];0.9968713335940556;0.7192982456140351
GP [1,2];0.9906140007821665;0.736842105263158
SVR RBF C100;0.9898318341806804;0.7456140350877193
SVR RBF C1;0.9898318341806804;0.7456140350877193
