Regressor;Reward;Rejected
bare;0.9891553866856645;0.7341772151898734
GP [1e-3, 1];0.9891553866856645;0.7341772151898734
GP [1e-1,1];0.988442966832898;0.7468354430379747
GP [1,2];0.988442966832898;0.7468354430379747
SVR RBF C100;0.9792606665083512;0.8354430379746836
SVR RBF C1;0.9792606665083512;0.8354430379746836
