Regressor;Reward;Rejected
bare;0.9993302006684426;0.9615384615384616
GP [1e-3, 1];0.0001610051060327166;0.019230769230769273
GP [1e-1,1];0.0;0.019230769230769273
GP [1,2];0.0;0.019230769230769273
SVR RBF C100;0.0013368850939121076;0.07692307692307687
SVR RBF C1;0.0013368850939121076;0.07692307692307687
