Regressor;Reward;Rejected
bare;0.9847816688283615;0.8918918918918919
GP [1e-3, 1];0.9804582792909641;0.9099099099099099
GP [1e-1,1];0.9582360570687419;0.7027027027027026
GP [1,2];0.9765672287073065;0.9189189189189189
SVR RBF C100;0.9882403804582793;0.8648648648648649
SVR RBF C1;0.9882403804582793;0.8648648648648649
