Regressor;Reward;Rejected
bare;0.9156260298276294;0.5316052751250568
GP [1e-3, 1];0.9112203813942464;0.5320600272851296
GP [1e-1,1];0.961084463167238;0.5648021828103684
GP [1,2];0.9161141861969971;0.5347885402455661
SVR RBF C100;0.9334194922509639;0.5402455661664394
SVR RBF C1;0.9334194922509639;0.5402455661664394
