Regressor;Reward;Rejected
bare;1.0;0.8269230769230769
GP [1e-3, 1];1.0;0.8269230769230769
GP [1e-1,1];0.997643362136685;0.8461538461538461
GP [1,2];0.997643362136685;0.8461538461538461
SVR RBF C100;0.9973291437549097;0.7884615384615384
SVR RBF C1;0.9973291437549097;0.7884615384615384
