Regressor;Reward;Rejected
bare;0.9988317757009346;0.3508771929824561
GP [1e-3, 1];0.897196261682243;0.00877192982456143
GP [1e-1,1];0.9707943925233645;0.5263157894736843
GP [1,2];0.897196261682243;0.00877192982456143
SVR RBF C100;0.9894859813084113;0.29824561403508776
SVR RBF C1;0.9719626168224299;0.5175438596491229
