Regressor;Reward;Rejected
bare;0.9515151515151515;0.26190476190476186
GP [1e-3, 1];0.9515151515151515;0.26190476190476186
GP [1e-1,1];0.9272727272727272;0.30952380952380953
GP [1,2];0.9454545454545454;0.2857142857142857
SVR RBF C100;0.9515151515151515;0.26190476190476186
SVR RBF C1;0.8242424242424242;0.47619047619047616
