Regressor;Reward;Rejected
bare;1.0;0.9230769230769231
GP [1e-3, 1];0.9930325932923949;0.9423076923076923
GP [1e-1,1];0.9930325932923949;0.9423076923076923
GP [1,2];0.9984943316013226;0.8846153846153846
SVR RBF C100;0.9984943316013226;0.8846153846153846
SVR RBF C1;0.9984943316013226;0.8846153846153846
