Regressor;Reward;Rejected
bare;0.9947208395497245;0.00990099009900991
GP [1e-3, 1];0.9947208395497245;0.00990099009900991
GP [1e-1,1];0.9947208395497245;0.00990099009900991
GP [1,2];0.9947208395497245;0.00990099009900991
SVR RBF C100;0.994247092928002;0.24752475247524752
SVR RBF C1;0.9623539774740485;0.5148514851485149
