Regressor;Reward;Rejected
bare;0.9171511627906976;0.0027932960893854997
GP [1e-3, 1];0.9171511627906976;0.0027932960893854997
GP [1e-1,1];0.9171511627906976;0.0027932960893854997
GP [1,2];0.9171511627906976;0.0027932960893854997
SVR RBF C100;0.8082848837209302;0.9245810055865922
SVR RBF C1;0.9171511627906976;0.0027932960893854997
