Regressor;Reward;Rejected
bare;0.9965874837532148;0.9714285714285714
GP [1e-3, 1];0.9965874837532148;0.9714285714285714
GP [1e-1,1];0.022416415475235752;0.19999999999999996
GP [1,2];0.022416415475235752;0.19999999999999996
SVR RBF C100;0.022416415475235752;0.19999999999999996
SVR RBF C1;0.022416415475235752;0.19999999999999996
