Regressor;Reward;Rejected
bare;0.993211057739237;0.04950495049504955
GP [1e-3, 1];0.993211057739237;0.04950495049504955
GP [1e-1,1];1.0;0.15841584158415845
GP [1,2];0.9923563139809088;0.00990099009900991
SVR RBF C100;0.9889672602963377;0.24752475247524752
SVR RBF C1;0.9541476599594992;0.5247524752475248
