Regressor;Reward;Rejected
bare;0.9865613609080368;0.2757685352622061
GP [1e-3, 1];0.8749878792762255;0.00045207956600357146
GP [1e-1,1];0.8749878792762255;0.00045207956600357146
GP [1,2];0.8749878792762255;0.00045207956600357146
SVR RBF C100;0.9107764501507067;0.5203435804701628
SVR RBF C1;0.9145553845376438;0.515370705244123
