Regressor;Reward;Rejected
bare;1.0;0.9973118279569892
GP [1e-3, 1];0.5611454314095723;0.9811827956989247
GP [1e-1,1];0.559770339052623;0.978494623655914
GP [1,2];0.5611454314095723;0.9811827956989247
SVR RBF C100;0.5253417207125852;0.9489247311827957
SVR RBF C1;0.5179531647647977;0.9381720430107527
