Regressor;Reward;Rejected
bare;0.9949216856112135;0.045454545454545414
GP [1e-3, 1];0.9948805942031045;0.022727272727272707
GP [1e-1,1];0.9948805942031045;0.022727272727272707
GP [1,2];0.9949216856112135;0.045454545454545414
SVR RBF C100;0.9948805942031045;0.022727272727272707
SVR RBF C1;0.9948805942031045;0.022727272727272707
