Regressor;Reward;Rejected
bare;1.0;0.0007598784194529085
GP [1e-3, 1];0.9997050263646199;0.0007598784194529085
GP [1e-1,1];0.9997050263646199;0.0007598784194529085
GP [1,2];1.0;0.0007598784194529085
SVR RBF C100;0.9348638411416563;0.3791793313069909
SVR RBF C1;0.8529203176933419;0.6139817629179332
