Regressor;Reward;Rejected
bare;0.9950579413769598;0.8461538461538461
GP [1e-3, 1];0.9950579413769598;0.8461538461538461
GP [1e-1,1];0.9906271301976823;0.8653846153846154
GP [1,2];0.9950579413769598;0.8461538461538461
SVR RBF C100;0.9950579413769598;0.8461538461538461
SVR RBF C1;0.9943762781186094;0.7884615384615384
