Regressor;Reward;Rejected
bare;1.0;0.9900990099009901
GP [1e-3, 1];0.9977793253239702;0.9801980198019802
GP [1e-1,1];0.0;0.00990099009900991
GP [1,2];1.0;0.9900990099009901
SVR RBF C100;0.0013075683125307411;0.24752475247524752
SVR RBF C1;0.005254622753149608;0.5148514851485149
