Regressor;Reward;Rejected
bare;0.9941967020777728;0.019230769230769273
GP [1e-3, 1];0.9943429994701962;0.019230769230769273
GP [1e-1,1];0.9943429994701962;0.019230769230769273
GP [1,2];0.9992359502652949;0.07692307692307687
SVR RBF C100;0.9508618188872701;0.46153846153846156
SVR RBF C1;0.8986106835770006;0.6730769230769231
