Regressor;Reward;Rejected
bare;1.0;0.0004633920296570615
GP [1e-3, 1];1.0;0.0004633920296570615
GP [1e-1,1];1.0;0.0004633920296570615
GP [1,2];1.0;0.0004633920296570615
SVR RBF C100;0.9784681930467413;0.04263206672845232
SVR RBF C1;0.9784681930467413;0.04263206672845232
