Regressor;Reward;Rejected
bare;0.9871930577604225;0.019230769230769273
GP [1e-3, 1];0.9970528692818957;0.038461538461538436
GP [1e-1,1];0.9970528692818957;0.038461538461538436
GP [1,2];0.9970528692818957;0.038461538461538436
SVR RBF C100;0.9988514212869525;0.07692307692307687
SVR RBF C1;0.9988514212869525;0.07692307692307687
