Regressor;Reward;Rejected
bare;0.9883549990533654;0.019230769230769273
GP [1e-3, 1];0.9943488299663933;0.019230769230769273
GP [1e-1,1];0.9883549990533654;0.019230769230769273
GP [1,2];0.9883549990533654;0.019230769230769273
SVR RBF C100;0.9954187254214434;0.07692307692307687
SVR RBF C1;0.9954187254214434;0.07692307692307687
