Regressor;Reward;Rejected
bare;0.9906351791530945;0.6246200607902735
GP [1e-3, 1];0.9947068403908795;0.634498480243161
GP [1e-1,1];0.494299674267101;0.0007598784194529085
GP [1,2];0.4947068403908795;0.0007598784194529085
SVR RBF C100;0.9564332247557004;0.7621580547112462
SVR RBF C1;0.994299674267101;0.6618541033434651
