Regressor;Reward;Rejected
bare;0.9892243605191586;0.42307692307692313
GP [1e-3, 1];0.9635246324921679;0.4423076923076923
GP [1e-1,1];0.9892243605191586;0.42307692307692313
GP [1,2];0.9892243605191586;0.42307692307692313
SVR RBF C100;0.9892243605191586;0.42307692307692313
SVR RBF C1;0.9892243605191586;0.42307692307692313
