Regressor;Reward;Rejected
bare;1.0;0.019230769230769273
GP [1e-3, 1];0.9976625750848785;0.019230769230769273
GP [1e-1,1];1.0;0.019230769230769273
GP [1,2];1.0;0.019230769230769273
SVR RBF C100;0.9946591799425437;0.07692307692307687
SVR RBF C1;0.9946591799425437;0.07692307692307687
