Regressor;Reward;Rejected
bare;1.0;0.9995374653098983
GP [1e-3, 1];1.6646274979816393e-05;0.00046253469010171244
GP [1e-1,1];1.6646274979816393e-05;0.00046253469010171244
GP [1,2];1.6646274979816393e-05;0.00046253469010171244
SVR RBF C100;0.0007754389761431135;0.041165587419056404
SVR RBF C1;0.0007754389761431135;0.041165587419056404
