Regressor;Reward;Rejected
bare;1.0;0.01388888888888884
GP [1e-3, 1];1.0;0.01388888888888884
GP [1e-1,1];1.0;0.01388888888888884
GP [1,2];1.0;0.01388888888888884
SVR RBF C100;0.9913845063949556;0.02777777777777779
SVR RBF C1;0.9913845063949556;0.02777777777777779
