Regressor;Reward;Rejected
bare;1.0;0.019230769230769273
GP [1e-3, 1];0.9975435995962144;0.019230769230769273
GP [1e-1,1];1.0;0.019230769230769273
GP [1,2];0.991126503361946;0.05769230769230771
SVR RBF C100;0.9156373949276556;0.5192307692307692
SVR RBF C1;0.8701618015338527;0.6923076923076923
