Regressor;Reward;Rejected
bare;0.9995565197755207;0.9615384615384616
GP [1e-3, 1];0.0005019218138997159;0.019230769230769273
GP [1e-1,1];0.0014369872446261566;0.05769230769230771
GP [1,2];0.002150809515403931;0.07692307692307687
SVR RBF C100;0.02769256702494939;0.4423076923076923
SVR RBF C1;0.06266777109343816;0.6730769230769231
