Regressor;Reward;Rejected
bare;0.999324095978371;0.6346153846153846
GP [1e-3, 1];1.0;0.6538461538461539
GP [1e-1,1];0.999324095978371;0.6346153846153846
GP [1,2];0.9493071983778304;0.8269230769230769
SVR RBF C100;0.9807367353835755;0.5192307692307692
SVR RBF C1;0.9888475836431226;0.7115384615384616
