Regressor;Reward;Rejected
bare;0.9539214928323236;0.9005376344086021
GP [1e-3, 1];0.626951819319825;0.0026881720430107503
GP [1e-1,1];0.9724298004906027;0.9731182795698925
GP [1,2];0.9561687095744477;0.9408602150537635
SVR RBF C100;0.9468176730555793;0.946236559139785
SVR RBF C1;0.9775953722798876;0.9247311827956989
