Regressor;Reward;Rejected
bare;1.0;0.00046253469010171244
GP [1e-3, 1];1.0;0.00046253469010171244
GP [1e-1,1];1.0;0.00046253469010171244
GP [1,2];1.0;0.00046253469010171244
SVR RBF C100;0.994757937276248;0.03885291396854762
SVR RBF C1;0.99478522087148;0.037927844588344084
