Regressor;Reward;Rejected
bare;0.9989015771693851;0.02364711232378358
GP [1e-3, 1];0.9989015771693851;0.02364711232378358
GP [1e-1,1];0.9969327060579055;0.012278308321964526
GP [1,2];0.9939690369111521;0.00045475216007273556
SVR RBF C100;0.9904872437876935;0.0395634379263301
SVR RBF C1;0.9904872437876935;0.0395634379263301
