Regressor;Reward;Rejected
bare;0.9905012418249547;0.4285714285714286
GP [1e-3, 1];0.9905012418249547;0.4285714285714286
GP [1e-1,1];0.872554483928794;0.0007598784194529085
GP [1,2];0.872917456124986;0.0007598784194529085
SVR RBF C100;0.9967091244841293;0.40881458966565354
SVR RBF C1;0.9734111173199788;0.6428571428571428
