Regressor;Reward;Rejected
bare;0.9876543209876543;0.19565217391304346
GP [1e-3, 1];0.9814814814814815;0.21739130434782605
GP [1e-1,1];0.9753086419753086;0.23913043478260865
GP [1,2];0.9629629629629629;0.26086956521739135
SVR RBF C100;0.9753086419753086;0.23913043478260865
SVR RBF C1;0.8518518518518519;0.4565217391304348
