Regressor;Reward;Rejected
bare;0.9963636363636363;0.5714285714285714
GP [1e-3, 1];0.9933333333333333;0.5844155844155844
GP [1e-1,1];0.9963636363636363;0.5714285714285714
GP [1,2];0.9284848484848485;0.5454545454545454
SVR RBF C100;0.933939393939394;0.5324675324675325
SVR RBF C1;0.933939393939394;0.5324675324675325
