Regressor;Reward;Rejected
bare;0.9986111761309552;0.994122965641953
GP [1e-3, 1];0.0;0.00045207956600357146
GP [1e-1,1];0.0;0.00045207956600357146
GP [1,2];0.0;0.00045207956600357146
SVR RBF C100;0.9946787759624237;0.9701627486437613
SVR RBF C1;0.9946787759624237;0.9701627486437613
