Regressor;Reward;Rejected
bare;0.9992156238632229;0.06329113924050633
GP [1e-3, 1];0.9998863222990179;0.07594936708860756
GP [1e-1,1];0.9992156238632229;0.06329113924050633
GP [1,2];0.9968738632229902;0.025316455696202556
SVR RBF C100;0.9998863222990179;0.07594936708860756
SVR RBF C1;0.9998863222990179;0.07594936708860756
