Regressor;Reward;Rejected
bare;0.9990432910786893;0.022222222222222254
GP [1e-3, 1];1.0;0.022222222222222254
GP [1e-1,1];1.0;0.022222222222222254
GP [1,2];0.9990432910786893;0.022222222222222254
SVR RBF C100;0.9990432910786893;0.022222222222222254
SVR RBF C1;0.9990432910786893;0.022222222222222254
