Regressor;Reward;Rejected
bare;0.9933125891798037;0.022222222222222254
GP [1e-3, 1];0.9901407966442607;0.0444444444444444
GP [1e-1,1];0.9901407966442607;0.0444444444444444
GP [1,2];0.9933125891798037;0.022222222222222254
SVR RBF C100;0.9806082277501762;0.19999999999999996
SVR RBF C1;0.8428802283002974;0.5333333333333333
