Regressor;Reward;Rejected
bare;0.9554655870445344;0.5135135135135135
GP [1e-3, 1];0.9527665317139001;0.5225225225225225
GP [1e-1,1];0.9649122807017544;0.5945945945945945
GP [1,2];0.8947368421052632;0.45945945945945943
SVR RBF C100;0.9851551956815114;0.7117117117117118
SVR RBF C1;0.9689608636977058;0.5765765765765766
