Regressor;Reward;Rejected
bare;0.8952409566954473;0.45569620253164556
GP [1e-3, 1];0.8902171792208263;0.4683544303797469
GP [1e-1,1];0.8826815130088949;0.4810126582278481
GP [1,2];1.0;0.5189873417721519
SVR RBF C100;0.9285900017475752;0.5063291139240507
SVR RBF C1;0.9285900017475752;0.5063291139240507
