Regressor;Reward;Rejected
bare;1.0;0.9995374653098983
GP [1e-3, 1];9.848303679403701e-05;0.00046253469010171244
GP [1e-1,1];9.848303679403701e-05;0.00046253469010171244
GP [1,2];9.848303679403701e-05;0.00046253469010171244
SVR RBF C100;0.0017630661400981377;0.041165587419056404
SVR RBF C1;0.0017630661400981377;0.041165587419056404
