Regressor;Reward;Rejected
bare;0.9907407407407407;0.019230769230769273
GP [1e-3, 1];0.9907407407407407;0.019230769230769273
GP [1e-1,1];0.9907407407407407;0.019230769230769273
GP [1,2];1.0;0.019230769230769273
SVR RBF C100;0.9881687242798354;0.09615384615384615
SVR RBF C1;0.9881687242798354;0.09615384615384615
