Regressor;Reward;Rejected
bare;0.9999104215302317;0.9995452478399273
GP [1e-3, 1];0.9999104215302317;0.9995452478399273
GP [1e-1,1];0.9999104215302317;0.9995452478399273
GP [1,2];0.6016690879642899;0.5347885402455661
SVR RBF C100;0.9999104215302317;0.9995452478399273
SVR RBF C1;0.9999104215302317;0.9995452478399273
