Regressor;Reward;Rejected
bare;0.9998999199359487;0.8888888888888888
GP [1e-3, 1];0.998548839071257;0.9722222222222222
GP [1e-1,1];0.9992994395516414;0.9166666666666666
GP [1,2];0.9956965572457966;0.8472222222222222
SVR RBF C100;1.0;0.875
SVR RBF C1;1.0;0.875
