Regressor;Reward;Rejected
bare;0.9968043361937414;0.9714285714285714
GP [1e-3, 1];0.0;0.014285714285714235
GP [1e-1,1];0.019089756039556868;0.2142857142857143
GP [1,2];0.019089756039556868;0.2142857142857143
SVR RBF C100;0.019089756039556868;0.2142857142857143
SVR RBF C1;0.019089756039556868;0.2142857142857143
