Regressor;Reward;Rejected
bare;0.9257409405343657;0.675306957708049
GP [1e-3, 1];0.927682934568763;0.6748522055479764
GP [1e-1,1];0.9278415942120962;0.6762164620281946
GP [1,2];0.9716062702291045;0.6221009549795362
SVR RBF C100;0.9864060417592181;0.6412005457025921
SVR RBF C1;0.9864060417592181;0.6412005457025921
