Regressor;Reward;Rejected
bare;0.9918341708542714;0.6153846153846154
GP [1e-3, 1];0.9846105527638191;0.6346153846153846
GP [1e-1,1];0.9918341708542714;0.6153846153846154
GP [1,2];0.9324748743718593;0.7884615384615384
SVR RBF C100;0.9839824120603015;0.5192307692307692
SVR RBF C1;0.9692211055276382;0.6923076923076923
