Regressor;Reward;Rejected
bare;0.9702264218220716;0.15068493150684936
GP [1e-3, 1];0.9682652879301124;0.013698630136986356
GP [1e-1,1];0.9720686991145183;0.12328767123287676
GP [1,2];0.9935520294764367;0.17808219178082196
SVR RBF C100;0.9720686991145183;0.12328767123287676
SVR RBF C1;0.9720686991145183;0.12328767123287676
