Regressor;Reward;Rejected
bare;0.9652223086166678;0.3653846153846154
GP [1e-3, 1];0.9616084682264792;0.3846153846153846
GP [1e-1,1];0.9567369995994439;0.40384615384615385
GP [1,2];0.9652223086166678;0.3653846153846154
SVR RBF C100;0.9616084682264792;0.3846153846153846
SVR RBF C1;0.9616084682264792;0.3846153846153846
