Regressor;Reward;Rejected
bare;0.9910077453607978;0.07692307692307687
GP [1e-3, 1];0.9968662980486329;0.012820512820512775
GP [1e-1,1];0.9921010378638284;0.08974358974358976
GP [1,2];0.9921010378638284;0.08974358974358976
SVR RBF C100;0.9988539310865024;0.05128205128205132
SVR RBF C1;0.9988539310865024;0.05128205128205132
