Regressor;Reward;Rejected
bare;0.9851282953428644;0.994413407821229
GP [1e-3, 1];0.0002343188480809696;0.0027932960893854997
GP [1e-1,1];0.996562698002332;0.9888268156424581
GP [1,2];0.9851282953428644;0.994413407821229
SVR RBF C100;0.9929593654224553;0.9776536312849162
SVR RBF C1;0.9929593654224553;0.9776536312849162
