Regressor;Reward;Rejected
bare;0.9952635636718116;0.007414272474513428
GP [1e-3, 1];1.0;0.0004633920296570615
GP [1e-1,1];1.0;0.0004633920296570615
GP [1,2];0.9877474803943715;0.027340129749768294
SVR RBF C100;0.9841329477906937;0.043095458758109384
SVR RBF C1;0.9841329477906937;0.043095458758109384
