Regressor;Reward;Rejected
bare;0.9475732223529664;0.6754385964912281
GP [1e-3, 1];0.9415059710220898;0.7105263157894737
GP [1e-1,1];0.965860860632881;0.6228070175438596
GP [1,2];0.9782750931300151;0.5701754385964912
SVR RBF C100;0.9467973328218955;0.6842105263157895
SVR RBF C1;0.9782750931300151;0.5701754385964912
