Regressor;Reward;Rejected
bare;0.9966024915062288;0.03749999999999998
GP [1e-3, 1];0.9966024915062288;0.03749999999999998
GP [1e-1,1];0.9966024915062288;0.03749999999999998
GP [1,2];0.9977349943374858;0.025000000000000022
SVR RBF C100;1.0;0.07499999999999996
SVR RBF C1;1.0;0.07499999999999996
