Regressor;Reward;Rejected
bare;0.9936999295941875;0.4423076923076923
GP [1e-3, 1];0.9884517803505293;0.46153846153846156
GP [1e-1,1];0.9884517803505293;0.46153846153846156
GP [1,2];0.9936999295941875;0.4423076923076923
SVR RBF C100;0.9834129738332007;0.5192307692307692
SVR RBF C1;0.9538456571278594;0.7115384615384616
