Regressor;Reward;Rejected
bare;0.9948437485571325;0.06666666666666665
GP [1e-3, 1];0.9883374337816205;0.0888888888888889
GP [1e-1,1];0.9947570248346458;0.022222222222222254
GP [1,2];1.0;0.0444444444444444
SVR RBF C100;0.9931553123548308;0.022222222222222254
SVR RBF C1;0.9931553123548308;0.022222222222222254
