Regressor;Reward;Rejected
bare;1.0;0.012658227848101222
GP [1e-3, 1];1.0;0.012658227848101222
GP [1e-1,1];1.0;0.012658227848101222
GP [1,2];1.0;0.012658227848101222
SVR RBF C100;0.9999301357084026;0.03797468354430378
SVR RBF C1;0.9999301357084026;0.03797468354430378
