Regressor;Reward;Rejected
bare;0.9947239576217507;0.3076923076923077
GP [1e-3, 1];0.9777360598648465;0.32692307692307687
GP [1e-1,1];0.9902282447884277;0.34615384615384615
GP [1,2];0.9902282447884277;0.34615384615384615
SVR RBF C100;0.9902282447884277;0.34615384615384615
SVR RBF C1;0.9902282447884277;0.34615384615384615
