Regressor;Reward;Rejected
bare;0.9951113733452871;0.038461538461538436
GP [1e-3, 1];0.9944433257687006;0.019230769230769273
GP [1e-1,1];0.9964871533613378;0.05769230769230771
GP [1,2];0.9941631561000257;0.07692307692307687
SVR RBF C100;0.9637277501433763;0.4423076923076923
SVR RBF C1;0.903296390860162;0.6730769230769231
