Regressor;Reward;Rejected
bare;0.987262757360126;0.00877192982456143
GP [1e-3, 1];0.987262757360126;0.00877192982456143
GP [1e-1,1];0.987262757360126;0.00877192982456143
GP [1,2];0.987262757360126;0.00877192982456143
SVR RBF C100;0.9944705652438814;0.26315789473684215
SVR RBF C1;0.9502350871949327;0.5087719298245614
