Regressor;Reward;Rejected
bare;0.9823606739188584;0.023255813953488413
GP [1e-3, 1];0.9823606739188584;0.023255813953488413
GP [1e-1,1];0.9823606739188584;0.023255813953488413
GP [1,2];1.0;0.023255813953488413
SVR RBF C100;1.0;0.023255813953488413
SVR RBF C1;0.9897126745218409;0.046511627906976716
