Regressor;Reward;Rejected
bare;0.9454878893821026;0.18571428571428572
GP [1e-3, 1];0.9844801953486808;0.014285714285714235
GP [1e-1,1];0.9611211846278587;0.19999999999999996
GP [1,2];0.9611211846278587;0.19999999999999996
SVR RBF C100;0.9611211846278587;0.19999999999999996
SVR RBF C1;0.9611211846278587;0.19999999999999996
