Regressor;Reward;Rejected
bare;0.9988700564971752;0.009009009009009028
GP [1e-3, 1];0.9988700564971752;0.009009009009009028
GP [1e-1,1];0.9909604519774011;0.16216216216216217
GP [1,2];0.9988700564971752;0.009009009009009028
SVR RBF C100;0.9728813559322034;0.3063063063063063
SVR RBF C1;0.9310734463276836;0.5225225225225225
