Regressor;Reward;Rejected
bare;0.999512485195296;0.9615384615384616
GP [1e-3, 1];0.00038650471582595084;0.019230769230769273
GP [1e-1,1];0.0;0.019230769230769273
GP [1,2];0.0019519809327543049;0.07692307692307687
SVR RBF C100;0.035212405239985436;0.5192307692307692
SVR RBF C1;0.05607489207474362;0.6923076923076923
