Regressor;Reward;Rejected
bare;0.9993595672167856;0.9615384615384616
GP [1e-3, 1];0.9993595672167856;0.9615384615384616
GP [1e-1,1];0.0;0.019230769230769273
GP [1,2];0.0;0.019230769230769273
SVR RBF C100;0.0065812613600718575;0.07692307692307687
SVR RBF C1;0.0065812613600718575;0.07692307692307687
