Regressor;Reward;Rejected
bare;0.9974264348839468;0.9743589743589743
GP [1e-3, 1];0.008597592674051266;0.012820512820512775
GP [1e-1,1];0.005444189912538775;0.08974358974358976
GP [1,2];0.005444189912538775;0.08974358974358976
SVR RBF C100;0.007595016252592132;0.038461538461538436
SVR RBF C1;0.007595016252592132;0.038461538461538436
