Regressor;Reward;Rejected
bare;0.9932702362907024;0.2757685352622061
GP [1e-3, 1];0.8623887958336578;0.00045207956600357146
GP [1e-1,1];0.8623887958336578;0.00045207956600357146
GP [1,2];0.8623887958336578;0.00045207956600357146
SVR RBF C100;0.9111309248184981;0.5081374321880652
SVR RBF C1;0.920330942057494;0.5009041591320073
