Regressor;Reward;Rejected
bare;0.9760191846522782;0.33333333333333337
GP [1e-3, 1];0.9760191846522782;0.33333333333333337
GP [1e-1,1];0.9616306954436451;0.5405405405405406
GP [1,2];0.9760191846522782;0.36036036036036034
SVR RBF C100;0.9808153477218226;0.3153153153153153
SVR RBF C1;0.9616306954436451;0.5405405405405406
