Regressor;Reward;Rejected
bare;0.9861203394688137;0.15189873417721522
GP [1e-3, 1];0.9840620631975792;0.16455696202531644
GP [1e-1,1];0.9782788713095848;0.17721518987341767
GP [1,2];0.9757960424836402;0.189873417721519
SVR RBF C100;0.9942168081120057;0.11392405063291144
SVR RBF C1;0.9942168081120057;0.11392405063291144
