Regressor;Reward;Rejected
bare;0.9870199913731161;0.5068493150684932
GP [1e-3, 1];0.9677384238962647;0.5205479452054795
GP [1e-1,1];0.9677384238962647;0.5205479452054795
GP [1,2];0.9677384238962647;0.5205479452054795
SVR RBF C100;0.999928012611712;0.5342465753424658
SVR RBF C1;0.999928012611712;0.5342465753424658
