Regressor;Reward;Rejected
bare;0.9995553374774346;0.9615384615384616
GP [1e-3, 1];7.70523595078645e-05;0.019230769230769273
GP [1e-1,1];0.00045388500574967283;0.05769230769230771
GP [1,2];0.0008991425272301254;0.07692307692307687
SVR RBF C100;0.025312047181033973;0.4423076923076923
SVR RBF C1;0.05678550646109322;0.6730769230769231
