Regressor;Reward;Rejected
bare;0.9967719847402915;0.9113924050632911
GP [1e-3, 1];0.0;0.00045207956600357146
GP [1e-1,1];0.0;0.00045207956600357146
GP [1,2];0.0;0.00045207956600357146
SVR RBF C100;0.9865010270957645;0.8743218806509946
SVR RBF C1;0.9865010270957645;0.8743218806509946
