Regressor;Reward;Rejected
bare;1.0;0.9995366079703429
GP [1e-3, 1];0.00010576760953253815;0.008341056533827662
GP [1e-1,1];3.451829934534718e-05;0.005560704355885071
GP [1,2];1.0;0.9995366079703429
SVR RBF C100;0.0022350598826112295;0.04726598702502316
SVR RBF C1;0.0022350598826112295;0.04726598702502316
