Regressor;Reward;Rejected
bare;0.9972144846796658;0.9832402234636871
GP [1e-3, 1];0.002785515320334262;0.0027932960893854997
GP [1e-1,1];0.9879294336118849;0.9776536312849162
GP [1,2];0.8152274837511606;0.994413407821229
SVR RBF C100;0.9832869080779945;0.9748603351955307
SVR RBF C1;0.9832869080779945;0.9748603351955307
