Regressor;Reward;Rejected
bare;0.002638771086608237;0.9534883720930233
GP [1e-3, 1];0.9922721703892188;0.023255813953488413
GP [1e-1,1];0.9922721703892188;0.023255813953488413
GP [1,2];0.9922721703892188;0.023255813953488413
SVR RBF C100;0.9922721703892188;0.023255813953488413
SVR RBF C1;0.9922721703892188;0.023255813953488413
