Regressor;Reward;Rejected
bare;1.0;0.7387387387387387
GP [1e-3, 1];0.9988619119878603;0.7477477477477478
GP [1e-1,1];0.9377845220030349;0.7027027027027026
GP [1,2];0.8994688922610015;0.6756756756756757
SVR RBF C100;0.9954476479514416;0.7567567567567568
SVR RBF C1;0.9954476479514416;0.7567567567567568
