Regressor;Reward;Rejected
bare;0.9977782108750731;0.974025974025974
GP [1e-3, 1];4.872344572208147e-06;0.012987012987012991
GP [1e-1,1];3.65425842915611e-05;0.07792207792207795
GP [1,2];3.65425842915611e-05;0.07792207792207795
SVR RBF C100;0.00014129799259403626;0.051948051948051965
SVR RBF C1;0.00014129799259403626;0.051948051948051965
