Regressor;Reward;Rejected
bare;0.9968349212942152;0.019230769230769273
GP [1e-3, 1];0.9970411751242572;0.019230769230769273
GP [1e-1,1];0.9968349212942152;0.019230769230769273
GP [1,2];0.9981075269798462;0.07692307692307687
SVR RBF C100;0.9410731444904382;0.5192307692307692
SVR RBF C1;0.9019659980290522;0.6923076923076923
