Regressor;Reward;Rejected
bare;0.9733688415446072;0.5135135135135135
GP [1e-3, 1];0.9707057256990679;0.5225225225225225
GP [1e-1,1];0.9853528628495339;0.5765765765765766
GP [1,2];0.9400798934753661;0.4414414414414415
SVR RBF C100;1.0;0.7027027027027026
SVR RBF C1;0.9853528628495339;0.5765765765765766
