Regressor;Reward;Rejected
bare;0.9948362694087466;0.021739130434782594
GP [1e-3, 1];1.0;0.021739130434782594
GP [1e-1,1];0.9948362694087466;0.021739130434782594
GP [1,2];1.0;0.021739130434782594
SVR RBF C100;1.0;0.021739130434782594
SVR RBF C1;1.0;0.021739130434782594
