Regressor;Reward;Rejected
bare;0.9972036538922474;0.9230769230769231
GP [1e-3, 1];0.9972036538922474;0.9230769230769231
GP [1e-1,1];0.9972036538922474;0.9230769230769231
GP [1,2];1.0;0.9038461538461539
SVR RBF C100;1.0;0.9038461538461539
SVR RBF C1;1.0;0.9038461538461539
