Regressor;Reward;Rejected
bare;0.9904149914357483;0.023255813953488413
GP [1e-3, 1];0.9925331164547728;0.046511627906976716
GP [1e-1,1];1.0;0.023255813953488413
GP [1,2];1.0;0.023255813953488413
SVR RBF C100;1.0;0.023255813953488413
SVR RBF C1;1.0;0.023255813953488413
