Regressor;Reward;Rejected
bare;1.0;0.999244142101285
GP [1e-3, 1];4.9028160220679335e-06;0.0007558578987150177
GP [1e-1,1];4.9028160220679335e-06;0.0007558578987150177
GP [1,2];4.9028160220679335e-06;0.0007558578987150177
SVR RBF C100;4.9028160220679335e-06;0.0007558578987150177
SVR RBF C1;0.07150936539503962;0.6031746031746033
