Regressor;Reward;Rejected
bare;0.9995115323139149;0.9615384615384616
GP [1e-3, 1];0.00010532995926363826;0.019230769230769273
GP [1e-1,1];0.0;0.019230769230769273
GP [1,2];0.0008195388989524217;0.07692307692307687
SVR RBF C100;0.03133410687017053;0.5192307692307692
SVR RBF C1;0.05102793661721824;0.6923076923076923
