Regressor;Reward;Rejected
bare;1.0;0.009009009009009028
GP [1e-3, 1];1.0;0.009009009009009028
GP [1e-1,1];1.0;0.009009009009009028
GP [1,2];1.0;0.009009009009009028
SVR RBF C100;0.9659566669060825;0.3063063063063063
SVR RBF C1;0.9213055468356608;0.5225225225225225
