Regressor;Reward;Rejected
bare;0.9997337088824436;0.00046253469010171244
GP [1e-3, 1];0.9997337088824436;0.00046253469010171244
GP [1e-1,1];0.9997337088824436;0.00046253469010171244
GP [1,2];0.9997337088824436;0.00046253469010171244
SVR RBF C100;0.9912392715706003;0.04162812210915823
SVR RBF C1;0.9912392715706003;0.04162812210915823
