Regressor;Reward;Rejected
bare;1.0;0.9995366079703429
GP [1e-3, 1];0.0007556726639832312;0.008341056533827662
GP [1e-1,1];1.0;0.9995366079703429
GP [1,2];0.999216307528168;0.9990732159406858
SVR RBF C100;0.0054099782846489175;0.04726598702502316
SVR RBF C1;0.0054099782846489175;0.04726598702502316
