Regressor;Reward;Rejected
bare;0.9707112970711297;0.5135135135135135
GP [1e-3, 1];0.9853556485355649;0.45945945945945943
GP [1e-1,1];0.9807531380753138;0.4864864864864865
GP [1,2];0.9707112970711297;0.5135135135135135
SVR RBF C100;0.9748953974895398;0.5
SVR RBF C1;0.9748953974895398;0.5
