Regressor;Reward;Rejected
bare;0.9900112262528302;0.00990099009900991
GP [1e-3, 1];0.9900112262528302;0.00990099009900991
GP [1e-1,1];1.0;0.15841584158415845
GP [1,2];0.9900112262528302;0.00990099009900991
SVR RBF C100;0.9946258447188723;0.24752475247524752
SVR RBF C1;0.9559812286273139;0.5247524752475248
