Regressor;Reward;Rejected
bare;0.996216263200167;0.019230769230769273
GP [1e-3, 1];0.996216263200167;0.019230769230769273
GP [1e-1,1];0.996216263200167;0.019230769230769273
GP [1,2];0.9986682020332236;0.07692307692307687
SVR RBF C100;0.9445184370603076;0.5192307692307692
SVR RBF C1;0.9035922308934646;0.6923076923076923
