Regressor;Reward;Rejected
bare;0.9998971299249049;0.05633802816901412
GP [1e-3, 1];0.9888900318897232;0.07042253521126762
GP [1e-1,1];0.9888900318897232;0.07042253521126762
GP [1,2];0.9888900318897232;0.07042253521126762
SVR RBF C100;0.9988684291739532;0.04225352112676062
SVR RBF C1;0.9988684291739532;0.04225352112676062
