Regressor;Reward;Rejected
bare;0.9999564474156986;0.9995452478399273
GP [1e-3, 1];0.9999564474156986;0.9995452478399273
GP [1e-1,1];0.029136678897684093;0.019099590723055893
GP [1,2];0.9999564474156986;0.9995452478399273
SVR RBF C100;0.9999564474156986;0.9995452478399273
SVR RBF C1;0.9999564474156986;0.9995452478399273
