Regressor;Reward;Rejected
bare;0.9987927500454907;0.9832402234636871
GP [1e-3, 1];0.006623352355385997;0.0027932960893854997
GP [1e-1,1];0.9896271289590266;0.9776536312849162
GP [1,2];0.9780394007878787;0.9720670391061452
SVR RBF C100;0.9570174999097544;0.9497206703910615
SVR RBF C1;0.9780394007878787;0.9720670391061452
