Regressor;Reward;Rejected
bare;0.9993370388859278;0.9995452478399273
GP [1e-3, 1];0.9993370388859278;0.9995452478399273
GP [1e-1,1];0.6558864142295068;0.5648021828103684
GP [1,2];0.6216955672874587;0.5347885402455661
SVR RBF C100;0.9999074999542618;0.998180991359709
SVR RBF C1;0.9999074999542618;0.998180991359709
