Regressor;Reward;Rejected
bare;0.9921252560892329;0.25452079566003616
GP [1e-3, 1];0.8981760755747781;0.00045207956600357146
GP [1e-1,1];0.8981760755747781;0.00045207956600357146
GP [1,2];0.8981760755747781;0.00045207956600357146
SVR RBF C100;0.9015977122695197;0.5244122965641953
SVR RBF C1;0.9044360346005008;0.5180831826401446
