Regressor;Reward;Rejected
bare;0.9986444806789384;0.9615384615384616
GP [1e-3, 1];0.9986444806789384;0.9615384615384616
GP [1e-1,1];0.9986444806789384;0.9615384615384616
GP [1,2];0.9991356108677288;0.9423076923076923
SVR RBF C100;0.9991356108677288;0.9423076923076923
SVR RBF C1;0.9991356108677288;0.9423076923076923
