Regressor;Reward;Rejected
bare;0.9701423743213393;0.1333333333333333
GP [1e-3, 1];0.9701423743213393;0.1333333333333333
GP [1e-1,1];0.9701423743213393;0.1333333333333333
GP [1,2];1.0;0.022222222222222254
SVR RBF C100;0.9581993240498751;0.15555555555555556
SVR RBF C1;0.9940284748642678;0.0444444444444444
