Regressor;Reward;Rejected
bare;0.9930686830497795;0.0478723404255319
GP [1e-3, 1];0.9930686830497795;0.0478723404255319
GP [1e-1,1];0.9924385633270322;0.0007598784194529085
GP [1,2];0.9927536231884058;0.0007598784194529085
SVR RBF C100;0.9650283553875236;0.3829787234042553
SVR RBF C1;0.8925645872715816;0.6200607902735562
