Regressor;Reward;Rejected
bare;0.9862119013062409;0.9545454545454546
GP [1e-3, 1];0.020047169811320754;0.045454545454545414
GP [1e-1,1];0.020047169811320754;0.045454545454545414
GP [1,2];0.020047169811320754;0.045454545454545414
SVR RBF C100;0.020047169811320754;0.045454545454545414
SVR RBF C1;0.023675616835994194;0.06818181818181823
