Regressor;Reward;Rejected
bare;0.9441611551471701;0.9748603351955307
GP [1e-3, 1];0.9622103296814257;0.9832402234636871
GP [1e-1,1];0.9521633765840359;0.9776536312849162
GP [1,2];0.9366974638595783;0.9413407821229051
SVR RBF C100;0.9401642516955285;0.9497206703910615
SVR RBF C1;0.9419228892142508;0.9441340782122905
