Regressor;Reward;Rejected
bare;0.9911048689138576;0.7657657657657657
GP [1e-3, 1];0.9985955056179775;0.7477477477477478
GP [1e-1,1];0.9264981273408239;0.6936936936936937
GP [1,2];0.8876404494382022;0.6576576576576576
SVR RBF C100;0.9264981273408239;0.6936936936936937
SVR RBF C1;0.9264981273408239;0.6936936936936937
