Regressor;Reward;Rejected
bare;1.0;0.9973118279569892
GP [1e-3, 1];0.9765048124299734;0.9811827956989247
GP [1e-1,1];0.9787321643110733;0.978494623655914
GP [1,2];0.9787996598226218;0.9865591397849462
SVR RBF C100;0.9127080549143481;0.9489247311827957
SVR RBF C1;0.92107749834636;0.9381720430107527
