Regressor;Reward;Rejected
bare;0.9860179651647358;0.11688311688311692
GP [1e-3, 1];0.9838505923151569;0.1298701298701299
GP [1e-1,1];0.9838505923151569;0.1298701298701299
GP [1,2];0.9838505923151569;0.1298701298701299
SVR RBF C100;0.9932481955272617;0.07792207792207795
SVR RBF C1;0.9932481955272617;0.07792207792207795
