Regressor;Reward;Rejected
bare;0.9958585536795158;0.994413407821229
GP [1e-3, 1];0.00011946479770627588;0.0027932960893854997
GP [1e-1,1];0.9958585536795158;0.994413407821229
GP [1,2];0.9958585536795158;0.994413407821229
SVR RBF C100;0.9841510035043007;0.9748603351955307
SVR RBF C1;0.9841510035043007;0.9748603351955307
