Regressor;Reward;Rejected
bare;0.9984191508581752;0.9710144927536232
GP [1e-3, 1];0.9984191508581752;0.9710144927536232
GP [1e-1,1];0.08209123757904245;0.18840579710144922
GP [1,2];0.08209123757904245;0.18840579710144922
SVR RBF C100;0.08209123757904245;0.18840579710144922
SVR RBF C1;0.08209123757904245;0.18840579710144922
