Regressor;Reward;Rejected
bare;0.9962240402769037;0.00045207956600357146
GP [1e-3, 1];0.9959093769666457;0.00045207956600357146
GP [1e-1,1];0.9959093769666457;0.00045207956600357146
GP [1,2];0.9959093769666457;0.00045207956600357146
SVR RBF C100;0.9993706733794839;0.04113924050632911
SVR RBF C1;0.9993706733794839;0.042043399638336365
