Regressor;Reward;Rejected
bare;1.0;0.019230769230769273
GP [1e-3, 1];0.9959499058948723;0.019230769230769273
GP [1e-1,1];1.0;0.019230769230769273
GP [1,2];0.9950763561859232;0.07692307692307687
SVR RBF C100;0.9554171993996331;0.5192307692307692
SVR RBF C1;0.9136376992288938;0.6923076923076923
