Regressor;Reward;Rejected
bare;0.9800662963626591;0.00877192982456143
GP [1e-3, 1];0.9800662963626591;0.00877192982456143
GP [1e-1,1];0.9800662963626591;0.00877192982456143
GP [1,2];0.9800662963626591;0.00877192982456143
SVR RBF C100;0.9789912202114316;0.00877192982456143
SVR RBF C1;0.9560114674789464;0.5175438596491229
