Regressor;Reward;Rejected
bare;0.974449556949316;0.956989247311828
GP [1e-3, 1];0.592067719736949;0.0026881720430107503
GP [1e-1,1];0.9821721441539404;0.978494623655914
GP [1,2];0.9426965471166784;0.9435483870967742
SVR RBF C100;0.9338713857174247;0.9489247311827957
SVR RBF C1;0.9570162206919434;0.9381720430107527
