Regressor;Reward;Rejected
bare;0.9997315436241611;0.019230769230769273
GP [1e-3, 1];1.0;0.019230769230769273
GP [1e-1,1];1.0;0.019230769230769273
GP [1,2];0.9959731543624161;0.05769230769230771
SVR RBF C100;0.9495302013422818;0.46153846153846156
SVR RBF C1;0.891006711409396;0.6730769230769231
