Regressor;Reward;Rejected
bare;1.0;0.5609756097560976
GP [1e-3, 1];1.0;0.5609756097560976
GP [1e-1,1];0.9925167388735723;0.5853658536585367
GP [1,2];1.0;0.5609756097560976
SVR RBF C100;0.9633714060653801;0.5487804878048781
SVR RBF C1;0.9633714060653801;0.5487804878048781
