Regressor;Reward;Rejected
bare;0.9974823448527468;0.06329113924050633
GP [1e-3, 1];0.9974823448527468;0.06329113924050633
GP [1e-1,1];0.9974823448527468;0.06329113924050633
GP [1,2];1.0;0.012658227848101222
SVR RBF C100;0.9976556058188403;0.05063291139240511
SVR RBF C1;0.9976556058188403;0.05063291139240511
