Regressor;Reward;Rejected
bare;0.9976247301642152;0.9038461538461539
GP [1e-3, 1];0.9868385321062806;0.9230769230769231
GP [1e-1,1];0.9868385321062806;0.9230769230769231
GP [1,2];0.9924416607996109;0.8653846153846154
SVR RBF C100;1.0;0.8846153846153846
SVR RBF C1;1.0;0.8846153846153846
