Regressor;Reward;Rejected
bare;0.9967097962625949;0.5384615384615384
GP [1e-3, 1];0.9993896755293178;0.5576923076923077
GP [1e-1,1];0.9961605042389808;0.5
GP [1,2];0.9889309334635359;0.4423076923076923
SVR RBF C100;0.9977528962670336;0.5192307692307692
SVR RBF C1;0.973989080740379;0.7115384615384616
