Regressor;Reward;Rejected
bare;0.9963772410327685;0.4807692307692307
GP [1e-3, 1];0.9951490019319486;0.5
GP [1e-1,1];0.9963772410327685;0.4807692307692307
GP [1,2];0.9987359622714046;0.4423076923076923
SVR RBF C100;0.9915885591408499;0.5192307692307692
SVR RBF C1;0.9597280346990799;0.7115384615384616
