Regressor;Reward;Rejected
bare;0.9695268724580973;0.45945945945945943
GP [1e-3, 1];0.9695268724580973;0.45945945945945943
GP [1e-1,1];0.9787877632042555;0.5765765765765766
GP [1,2];0.9863346093925459;0.3783783783783784
SVR RBF C100;0.9647791824451734;0.33333333333333337
SVR RBF C1;0.9777038736401377;0.5495495495495495
