Regressor;Reward;Rejected
bare;0.999900105734989;0.00045475216007273556
GP [1e-3, 1];0.999900105734989;0.00045475216007273556
GP [1e-1,1];0.999900105734989;0.00045475216007273556
GP [1,2];0.999900105734989;0.00045475216007273556
SVR RBF C100;0.9948305853801304;0.015916325602546633
SVR RBF C1;0.9948305853801304;0.015916325602546633
