Regressor;Reward;Rejected
bare;1.0;0.012820512820512775
GP [1e-3, 1];1.0;0.012820512820512775
GP [1e-1,1];1.0;0.012820512820512775
GP [1,2];1.0;0.012820512820512775
SVR RBF C100;0.997748755964525;0.02564102564102566
SVR RBF C1;0.997748755964525;0.02564102564102566
