Regressor;Reward;Rejected
bare;0.9436619718309859;0.8854748603351955
GP [1e-3, 1];0.9624413145539906;0.9832402234636871
GP [1e-1,1];0.9577464788732394;0.9804469273743017
GP [1,2];0.9483568075117371;0.9245810055865922
SVR RBF C100;0.9483568075117371;0.9441340782122905
SVR RBF C1;0.9483568075117371;0.9245810055865922
