Regressor;Reward;Rejected
bare;1.0;0.019230769230769273
GP [1e-3, 1];0.995503244547151;0.019230769230769273
GP [1e-1,1];1.0;0.019230769230769273
GP [1,2];0.9919397354296262;0.05769230769230771
SVR RBF C100;0.9252898195432033;0.4423076923076923
SVR RBF C1;0.8535729268384149;0.6730769230769231
