Regressor;Reward;Rejected
bare;0.9459769220157026;0.7707956600361664
GP [1e-3, 1];0.0;0.00045207956600357146
GP [1e-1,1];0.0;0.00045207956600357146
GP [1,2];0.0;0.00045207956600357146
SVR RBF C100;0.9645805982734778;0.7359855334538878
SVR RBF C1;0.9645805982734778;0.7359855334538878
