Regressor;Reward;Rejected
bare;0.9956644426432115;0.647887323943662
GP [1e-3, 1];0.9899842152410117;0.6619718309859155
GP [1e-1,1];0.9821739025629868;0.676056338028169
GP [1,2];0.9821739025629868;0.676056338028169
SVR RBF C100;0.9813828125206033;0.6901408450704225
SVR RBF C1;0.9813828125206033;0.6901408450704225
