Regressor;Reward;Rejected
bare;0.9073908031254003;0.6734879490677581
GP [1e-3, 1];0.9108492378634558;0.6748522055479764
GP [1e-1,1];0.8629862089577729;0.692587539790814
GP [1,2];0.952820118696896;0.6184629376989541
SVR RBF C100;0.9247683702660006;0.6134606639381537
SVR RBF C1;0.9247683702660006;0.6134606639381537
