Regressor;Reward;Rejected
bare;0.9952406682902563;0.00877192982456143
GP [1e-3, 1];0.9952406682902563;0.00877192982456143
GP [1e-1,1];0.9952406682902563;0.00877192982456143
GP [1,2];0.9952406682902563;0.00877192982456143
SVR RBF C100;0.987291132561284;0.2894736842105263
SVR RBF C1;0.9423776657313891;0.5175438596491229
