Regressor;Reward;Rejected
bare;0.9967888023090014;0.7692307692307692
GP [1e-3, 1];0.9967888023090014;0.7692307692307692
GP [1e-1,1];0.9967888023090014;0.7692307692307692
GP [1,2];0.9912434495901395;0.8076923076923077
SVR RBF C100;0.9660862111972573;0.8461538461538461
SVR RBF C1;0.992707597593547;0.75
