Regressor;Reward;Rejected
bare;0.9820119432382493;0.8846153846153846
GP [1e-3, 1];1.0;0.9038461538461539
GP [1e-1,1];0.9914359926061921;0.9230769230769231
GP [1,2];0.9730582177045586;0.8653846153846154
SVR RBF C100;0.9820119432382493;0.8846153846153846
SVR RBF C1;0.9820119432382493;0.8846153846153846
