Regressor;Reward;Rejected
bare;0.9932763011766693;0.008804448563484724
GP [1e-3, 1];0.9930379939216434;0.008341056533827662
GP [1e-1,1];0.9941633057589008;0.005560704355885071
GP [1,2];0.9993130454183649;0.0004633920296570615
SVR RBF C100;0.9791282458175554;0.04726598702502316
SVR RBF C1;0.9791282458175554;0.04726598702502316
