Regressor;Reward;Rejected
bare;1.0;0.75
GP [1e-3, 1];1.0;0.75
GP [1e-1,1];0.40805104880863485;0.25
GP [1,2];0.40805104880863485;0.25
SVR RBF C100;0.40805104880863485;0.25
SVR RBF C1;0.0;0.25
