Regressor;Reward;Rejected
bare;0.9962829736211031;0.9230769230769231
GP [1e-3, 1];0.9875299760191847;0.9615384615384616
GP [1e-1,1];0.9875299760191847;0.9615384615384616
GP [1,2];0.9962829736211031;0.9230769230769231
SVR RBF C100;0.9962829736211031;0.9230769230769231
SVR RBF C1;0.9962829736211031;0.9230769230769231
