Regressor;Reward;Rejected
bare;0.9998498187467634;0.5
GP [1e-3, 1];0.9947850854479544;0.5192307692307692
GP [1e-1,1];1.0;0.4807692307692307
GP [1,2];0.999476954945624;0.46153846153846156
SVR RBF C100;0.9998498187467634;0.5
SVR RBF C1;0.970414293112377;0.6923076923076923
