Regressor;Reward;Rejected
bare;1.0;0.025000000000000022
GP [1e-3, 1];1.0;0.025000000000000022
GP [1e-1,1];0.9940476190476191;0.025000000000000022
GP [1,2];1.0;0.025000000000000022
SVR RBF C100;1.0;0.025000000000000022
SVR RBF C1;1.0;0.025000000000000022
