Regressor;Reward;Rejected
bare;0.9184139399980712;0.2222222222222222
GP [1e-3, 1];0.9234960552372484;0.23611111111111116
GP [1e-1,1];0.9184139399980712;0.2222222222222222
GP [1,2];0.9204195658242931;0.25
SVR RBF C100;0.9184139399980712;0.2222222222222222
SVR RBF C1;0.9184139399980712;0.2222222222222222
