Regressor;Reward;Rejected
bare;1.0;0.00046253469010171244
GP [1e-3, 1];1.0;0.00046253469010171244
GP [1e-1,1];1.0;0.00046253469010171244
GP [1,2];1.0;0.00046253469010171244
SVR RBF C100;0.9910778766808124;0.04024051803885287
SVR RBF C1;0.9910778766808124;0.04024051803885287
