Regressor;Reward;Rejected
bare;0.9979364154651661;0.019230769230769273
GP [1e-3, 1];0.9963198751315734;0.038461538461538436
GP [1e-1,1];0.9979364154651661;0.019230769230769273
GP [1,2];0.9943651162941501;0.07692307692307687
SVR RBF C100;0.9357073803075653;0.5192307692307692
SVR RBF C1;0.8960578442520732;0.6923076923076923
