Regressor;Reward;Rejected
bare;0.9921761423703124;0.07331821617535905
GP [1e-3, 1];0.9991688448869275;0.0007558578987150177
GP [1e-1,1];0.9991688448869275;0.0007558578987150177
GP [1,2];0.9994338043582341;0.0007558578987150177
SVR RBF C100;0.9445871273546161;0.3907785336356765
SVR RBF C1;0.8864519231019357;0.6016628873771731
