Regressor;Reward;Rejected
bare;0.9598709810676561;0.7297297297297297
GP [1e-3, 1];0.9970991364768639;0.7477477477477478
GP [1e-1,1];0.836781469338475;0.6396396396396397
GP [1,2];0.8493518779387313;0.5765765765765766
SVR RBF C100;0.855585039890022;0.6756756756756757
SVR RBF C1;0.8464510144155952;0.5945945945945945
