Regressor;Reward;Rejected
bare;0.9622331691297209;0.994413407821229
GP [1e-3, 1];0.0006157635467980296;0.0027932960893854997
GP [1e-1,1];0.9963054187192119;0.9832402234636871
GP [1,2];0.9622331691297209;0.994413407821229
SVR RBF C100;0.9839901477832512;0.9748603351955307
SVR RBF C1;0.9839901477832512;0.9748603351955307
