Regressor;Reward;Rejected
bare;0.9984146050623796;0.019230769230769273
GP [1e-3, 1];0.995071320639764;0.038461538461538436
GP [1e-1,1];0.9984146050623796;0.019230769230769273
GP [1,2];0.9964389570263679;0.07692307692307687
SVR RBF C100;0.9466936339560708;0.5192307692307692
SVR RBF C1;0.9088798048351812;0.6923076923076923
