Regressor;Reward;Rejected
bare;0.955;0.34090909090909094
GP [1e-3, 1];0.95;0.36363636363636365
GP [1e-1,1];0.95;0.36363636363636365
GP [1,2];0.94;0.40909090909090906
SVR RBF C100;0.9325;0.43181818181818177
SVR RBF C1;0.9325;0.43181818181818177
