Regressor;Reward;Rejected
bare;0.9984507749074556;0.9615384615384616
GP [1e-3, 1];0.9984507749074556;0.9615384615384616
GP [1e-1,1];0.950786220005481;0.8269230769230769
GP [1,2];0.9994870894915799;0.9423076923076923
SVR RBF C100;0.9994870894915799;0.9423076923076923
SVR RBF C1;0.9994870894915799;0.9423076923076923
