Regressor;Reward;Rejected
bare;0.9978503768067116;0.019230769230769273
GP [1e-3, 1];0.9988319871479692;0.019230769230769273
GP [1e-1,1];0.9978503768067116;0.019230769230769273
GP [1,2];0.9972555228415124;0.07692307692307687
SVR RBF C100;0.9626646316519345;0.4423076923076923
SVR RBF C1;0.9044248580202892;0.6730769230769231
