Regressor;Reward;Rejected
bare;0.9487836107554417;0.5769230769230769
GP [1e-3, 1];0.9487836107554417;0.5769230769230769
GP [1e-1,1];0.970550576184379;0.6153846153846154
GP [1,2];0.9961587708066582;0.5961538461538461
SVR RBF C100;0.9961587708066582;0.5961538461538461
SVR RBF C1;0.9961587708066582;0.5961538461538461
