Regressor;Reward;Rejected
bare;0.9987548236038896;0.07499999999999996
GP [1e-3, 1];0.9939742772158321;0.012499999999999956
GP [1e-1,1];0.9987548236038896;0.07499999999999996
GP [1,2];0.9939742772158321;0.012499999999999956
SVR RBF C100;1.0;0.0625
SVR RBF C1;1.0;0.0625
