Regressor;Reward;Rejected
bare;0.9831824062095731;0.4375
GP [1e-3, 1];0.9831824062095731;0.4375
GP [1e-1,1];1.0;0.44999999999999996
GP [1,2];1.0;0.44999999999999996
SVR RBF C100;0.9288486416558862;0.5875
SVR RBF C1;0.9728331177231565;0.5
