Regressor;Reward;Rejected
bare;0.9966218715324867;0.00045207956600357146
GP [1e-3, 1];0.9963177577775038;0.00045207956600357146
GP [1e-1,1];0.9963177577775038;0.00045207956600357146
GP [1,2];0.9963177577775038;0.00045207956600357146
SVR RBF C100;0.9985698434225126;0.04113924050632911
SVR RBF C1;0.9988739571774956;0.04068716094032554
