Regressor;Reward;Rejected
bare;0.9967284607672481;0.18018018018018023
GP [1e-3, 1];0.9967284607672481;0.18018018018018023
GP [1e-1,1];0.9988312202351189;0.19819819819819817
GP [1,2];0.9712373852949133;0.009009009009009028
SVR RBF C100;0.9772611248336962;0.3153153153153153
SVR RBF C1;0.9506819196314445;0.5405405405405406
