Regressor;Reward;Rejected
bare;0.9807485268762117;0.14912280701754388
GP [1e-3, 1];0.958358320129883;0.00877192982456143
GP [1e-1,1];0.9909057401997641;0.17543859649122806
GP [1,2];0.958358320129883;0.00877192982456143
SVR RBF C100;0.9930907986482006;0.2894736842105263
SVR RBF C1;0.9633866457310369;0.5175438596491229
