Regressor;Reward;Rejected
bare;0.9945542046605876;0.8655015197568389
GP [1e-3, 1];0.9945542046605876;0.8655015197568389
GP [1e-1,1];0.00012664640324214793;0.0007598784194529085
GP [1,2];0.9930344478216818;0.8837386018237082
SVR RBF C100;0.9565602836879432;0.756079027355623
SVR RBF C1;0.9565602836879432;0.756079027355623
